"none","ant-1.4.csv","treebag"
"none","ant-1.6.csv","treebag"
"none","ar4.csv","treebag"
"none","ant-1.5.csv","treebag"
"none","ar5.csv","treebag"
"none","ar6.csv","treebag"
"none","ar3.csv","treebag"
"none","camel-1.2.csv","treebag"
"none","ant-1.7.csv","treebag"
"none","forrest-0.8.csv","treebag"
"none","ivy-1.4.csv","treebag"
"none","ivy-2.0.csv","treebag"
"none","jedit-4.1.csv","treebag"
"none","jedit-4.0.csv","treebag"
"none","jedit-4.2.csv","treebag"
"none","camel-1.4.csv","treebag"
"none","camel-1.6.csv","treebag"
"none","pbeans2.csv","treebag"
"none","log4j-1.1.csv","treebag"
"none","lucene-2.2.csv","treebag"
"none","log4j-1.2.csv","treebag"
"none","lucene-2.4.csv","treebag"
"none","poi-2.0.csv","treebag"
"none","jedit-4.3.csv","treebag"
"none","PC3.csv","treebag"
"none","PC4.csv","treebag"
"none","MC2.csv","treebag"
"none","eclipse-2.1.csv","treebag"
"none","synapse-1.1.csv","treebag"
"none","synapse-1.2.csv","treebag"
"none","velocity-1.5.csv","treebag"
"none","poi-3.0.csv","treebag"
"none","poi-2.5.csv","treebag"
"none","eclipse-3.0.csv","treebag"
"none","velocity-1.6.csv","treebag"
"none","xerces-1.4.csv","treebag"
"none","xalan-2.5.csv","treebag"
"none","xerces-1.3.csv","treebag"
"none","xalan-2.6.csv","treebag"
"none","xalan-2.7.csv","treebag"
"none","prop-6.csv","treebag"
"none","prop-5.csv","treebag"
"none","prop-4.csv","treebag"
"none","prop-2.csv","treebag"
"none","prop-3.csv","treebag"
